{
    "OriginalMessages": [
      {
        "ID": 123000000000000000,
        "timestamp": 1230000000.0000000
      },
      {
        "ID": 123000000000000000,
        "timestamp": 1230000000.0000000
      }
    ]
}